{"cameraMode":{"drawMode":0,"name":"Shaded","section":"Shading Mode"},"sceneLighting":false,"audioPlay":false,"sceneViewState":{"showFog":true,"showMaterialUpdate":false,"showSkybox":false,"showFlares":true,"showImageEffects":true,"showParticleSystems":true},"in2DMode":false,"pivot":{"x":-1.0573291778564454,"y":9.59113883972168,"z":-3.4077563285827638},"rotation":{"x":0.24949795007705689,"y":-0.6191181540489197,"z":0.21684832870960236,"w":0.712334394454956},"size":40.33143615722656,"orthographic":false}