{"cameraMode":{"drawMode":0,"name":"Shaded","section":"Shading Mode"},"sceneLighting":true,"audioPlay":false,"sceneViewState":{"showFog":true,"showMaterialUpdate":false,"showSkybox":true,"showFlares":true,"showImageEffects":true,"showParticleSystems":true},"in2DMode":false,"pivot":{"x":-8.937273025512696,"y":3.4400782585144045,"z":-0.8886607885360718},"rotation":{"x":0.24503515660762788,"y":0.45994696021080019,"z":-0.13370434939861298,"w":0.8429292440414429},"size":1.4066519737243653,"orthographic":false}